-- ============================================================
-- Migration 00011: RBAC System Seed (권한 16종 · 역할 4종 · 필드 정의)
-- ============================================================
-- Story 6.1 — 시스템 데이터 시드 (데모 데이터 아님 — 그건 scripts/seed.py).
-- 고정 UUID + ON CONFLICT DO NOTHING → 재실행 안전(멱등).
-- ⚠️ permissions.code는 backend/core/permissions.py 상수(6.2)와 동기화 필수.
-- ============================================================

------------------------------------------------------------
-- 권한 카탈로그 (b0000000-…)
------------------------------------------------------------

INSERT INTO permissions (id, code, name, category) VALUES
  ('b0000000-0000-0000-0000-000000000001', 'users:create',          '계정 발급',           '사용자'),
  ('b0000000-0000-0000-0000-000000000002', 'users:read',            '사용자 조회·검색',     '사용자'),
  ('b0000000-0000-0000-0000-000000000003', 'users:update',          '사용자 정보 수정',     '사용자'),
  ('b0000000-0000-0000-0000-000000000004', 'users:deactivate',      '계정 비활성화',        '사용자'),
  ('b0000000-0000-0000-0000-000000000005', 'roles:manage',          '역할·권한·필드 관리',  '시스템'),
  ('b0000000-0000-0000-0000-000000000006', 'roles:read',            '역할 목록 조회',       '시스템'),
  ('b0000000-0000-0000-0000-000000000007', 'departments:manage',    '진료과목·진료실 관리', '마스터데이터'),
  ('b0000000-0000-0000-0000-000000000008', 'departments:read',      '진료과목·진료실 조회', '마스터데이터'),
  ('b0000000-0000-0000-0000-000000000009', 'records:create',        '진료기록 작성',        '진료기록'),
  ('b0000000-0000-0000-0000-000000000010', 'records:update_own',    '본인 작성 기록 수정',  '진료기록'),
  ('b0000000-0000-0000-0000-000000000011', 'records:read_own',      '본인 기록 조회',       '진료기록'),
  ('b0000000-0000-0000-0000-000000000012', 'records:read_assigned', '담당 환자 기록 조회',  '진료기록'),
  ('b0000000-0000-0000-0000-000000000013', 'records:read_all',      '전체 기록 조회',       '진료기록'),
  ('b0000000-0000-0000-0000-000000000014', 'patients:search',       '환자 검색',            '진료기록'),
  ('b0000000-0000-0000-0000-000000000015', 'logs:read',             '접근로그 조회',        '감사'),
  ('b0000000-0000-0000-0000-000000000016', 'password:reset_others', '타인 비밀번호 초기화', '사용자')
ON CONFLICT (id) DO NOTHING;

------------------------------------------------------------
-- 역할 (a0000000-…)
------------------------------------------------------------

INSERT INTO roles (id, name, description, is_system) VALUES
  ('a0000000-0000-0000-0000-000000000001', '관리자', '시스템 전체 관리. 삭제·핵심권한 회수 불가.', true),
  ('a0000000-0000-0000-0000-000000000002', '의사',   '진료기록 작성·담당 환자 관리.',              false),
  ('a0000000-0000-0000-0000-000000000003', '환자',   '본인 진료기록 조회.',                        false),
  ('a0000000-0000-0000-0000-000000000004', '원무과', '계정 발급·사용자 관리 (진료기록 접근 불가).', false)
ON CONFLICT (id) DO NOTHING;

------------------------------------------------------------
-- 역할-권한 조합
------------------------------------------------------------

-- 관리자: 전체 권한
INSERT INTO role_permissions (role_id, permission_id)
SELECT 'a0000000-0000-0000-0000-000000000001', id FROM permissions
ON CONFLICT DO NOTHING;

-- 의사: records:create·update_own·read_assigned, patients:search, departments:read
INSERT INTO role_permissions (role_id, permission_id) VALUES
  ('a0000000-0000-0000-0000-000000000002', 'b0000000-0000-0000-0000-000000000009'),
  ('a0000000-0000-0000-0000-000000000002', 'b0000000-0000-0000-0000-000000000010'),
  ('a0000000-0000-0000-0000-000000000002', 'b0000000-0000-0000-0000-000000000012'),
  ('a0000000-0000-0000-0000-000000000002', 'b0000000-0000-0000-0000-000000000014'),
  ('a0000000-0000-0000-0000-000000000002', 'b0000000-0000-0000-0000-000000000008')
ON CONFLICT DO NOTHING;

-- 환자: records:read_own
INSERT INTO role_permissions (role_id, permission_id) VALUES
  ('a0000000-0000-0000-0000-000000000003', 'b0000000-0000-0000-0000-000000000011')
ON CONFLICT DO NOTHING;

-- 원무과: users:create·read·update, roles:read
INSERT INTO role_permissions (role_id, permission_id) VALUES
  ('a0000000-0000-0000-0000-000000000004', 'b0000000-0000-0000-0000-000000000001'),
  ('a0000000-0000-0000-0000-000000000004', 'b0000000-0000-0000-0000-000000000002'),
  ('a0000000-0000-0000-0000-000000000004', 'b0000000-0000-0000-0000-000000000003'),
  ('a0000000-0000-0000-0000-000000000004', 'b0000000-0000-0000-0000-000000000006')
ON CONFLICT DO NOTHING;

------------------------------------------------------------
-- 역할별 입력필드 정의 (c0000000-…)
------------------------------------------------------------

INSERT INTO role_fields
  (id, role_id, field_key, label, field_type, is_required, is_unique, is_searchable,
   sort_order, placeholder, help_text, validation, options) VALUES
  -- 의사
  ('c0000000-0000-0000-0000-000000000001',
   'a0000000-0000-0000-0000-000000000002',
   'license_number', '면허번호', 'text', true, true, false,
   1, '예: L001', '의사 면허번호 (중복 불가)',
   '{"max_length": 50}', NULL),
  ('c0000000-0000-0000-0000-000000000002',
   'a0000000-0000-0000-0000-000000000002',
   'department_id', '소속 진료과', 'reference', true, false, false,
   2, NULL, '소속 진료과목 선택',
   NULL, '{"table": "departments", "label_column": "name"}'),
  -- 환자
  ('c0000000-0000-0000-0000-000000000003',
   'a0000000-0000-0000-0000-000000000003',
   'birth_date', '생년월일', 'date', true, false, true,
   1, NULL, NULL,
   NULL, NULL),
  ('c0000000-0000-0000-0000-000000000004',
   'a0000000-0000-0000-0000-000000000003',
   'phone', '연락처', 'phone', true, false, false,
   2, '예: 010-1234-5678', NULL,
   '{"max_length": 20}', NULL)
ON CONFLICT (id) DO NOTHING;
